{
    "⤡": "⤡",
    "⊞": "⊞",
    "×": "×",
    "❮": "❮",
    "❯": "❯",
    "Loading...": "载入中...",
    "view": "查看",
    "api": "api",
    "•": "•",
    "built with gradio": "使用Gradio框架构建",
    "Stable Diffusion checkpoint": "Stable Diffusion检查点模型(ckpt)",
    "txt2img": "文转图",
    "img2img": "图转图",
    "Extras": "后期处理",
    "PNG Info": "PNG信息",
    "History": "历史记录",
    "Checkpoint Merger": "检查点模型(ckpt)合并工具",
    "Train": "训练",
    "Settings": "设置",
    "Prompt": "提示词",
    "Negative prompt": "否定提示词",
    "Run": "运行",
    "Skip": "跳过",
    "Interrupt": "终止",
    "Generate": "生成",
    "Style 1": "风格 1",
    "Style 2": "风格 2",
    "Label": "标签",
    "File": "文件",
    "Drop File Here": "拖拽文件到此",
    "-": "-",
    "or": "或",
    "Click to Upload": "点击上传",
    "Image": "图片",
    "Check progress": "检查进度",
    "Check progress (first)": "检查进度 (1st)",
    "Sampling Steps": "采样步数",
    "Sampling method": "采样方法",
    "Euler a": "Euler a",
    "Euler": "Euler",
    "LMS": "LMS",
    "Heun": "Heun",
    "DPM2": "DPM2",
    "DPM2 a": "DPM2 a",
    "DPM fast": "DPM fast",
    "DPM adaptive": "DPM adaptive",
    "LMS Karras": "LMS Karras",
    "DPM2 Karras": "DPM2 Karras",
    "DPM2 a Karras": "DPM2 a Karras",
    "DDIM": "DDIM",
    "PLMS": "PLMS",
    "Width": "宽度",
    "Height": "高度",
    "Restore faces": "面部修复",
    "Tiling": "平铺化",
    "Highres. fix": "高分辨率修复",
    "Firstpass width": "预处理宽度",
    "Firstpass height": "预处理高度",
    "Denoising strength": "降噪强度",
    "Batch count": "批次",
    "Batch size": "单批数量",
    "CFG Scale": "CFG系数(提示词服从度)",
    "Seed": "随机种",
    "Extra": "附加参数",
    "Variation seed": "变体随机种",
    "Variation strength": "变体强度强度",
    "Resize seed from width": "随机种源宽度",
    "Resize seed from height": "随机种源高度",
    "Script": "脚本",
    "None": "无",
    "Prompt matrix": "提示词矩阵",
    "Prompts from file or textbox": "来自文本框或文件载入提示词",
    "X/Y plot": "X/Y 图表",
    "Put variable parts at start of prompt": "把变量部分放在提示词文本的开头",
    "Show Textbox": "显示文本框",
    "File with inputs": "含输入内容的文件",
    "Prompts": "提示词",
    "X type": "X轴类型",
    "Nothing": "无",
    "Var. seed": "变体随机种",
    "Var. strength": "变体强度",
    "Steps": "迭代步数",
    "Prompt S/R": "提示词替换",
    "Prompt order": "提示词顺序",
    "Sampler": "采样器",
    "Checkpoint name": "模型(ckpt)名",
    "Hypernetwork": "超网络",
    "Hypernet str.": "超网络强度",
    "Sigma Churn": "Sigma西格玛数扰动",
    "Sigma min": "最小Sigma西格玛值",
    "Sigma max": "最大Sigma西格玛值",
    "Sigma noise": "Sigma值噪波",
    "Eta": "Eta",
    "Clip skip": "Clip跳过",
    "Denoising": "降噪",
    "X values": "X轴数值",
    "Y type": "Y轴类型",
    "Y values": "Y轴数值",
    "Draw legend": "绘制图例",
    "Include Separate Images": "包括单独的图片",
    "Keep -1 for seeds": "保持随机种为-1",
    "Drop Image Here": "拖拽图片到此",
    "Save": "保存",
    "Send to img2img": "发送到图转图",
    "Send to inpaint": "发送到内补绘画",
    "Send to extras": "发送到后期处理",
    "Make Zip when Save?": "保存时生成ZIP压缩包?",
    "Textbox": "文本框",
    "Interrogate\nCLIP": "反求提示词\nCLIP",
    "Interrogate\nDeepBooru": "反求提示词\nDeepBooru",
    "Inpaint": "内补绘制",
    "Batch img2img": "批量图转图",
    "Image for img2img": "用于图转图的图片",
    "Image for inpainting with mask": "用以内补绘制的图片(有蒙版)",
    "Mask": "蒙版",
    "Mask blur": "蒙版模糊",
    "Mask mode": "蒙版模式",
    "Draw mask": "绘制蒙版",
    "Upload mask": "上传蒙版",
    "Masking mode": "蒙版模式",
    "Inpaint masked": "内补绘制蒙版区域",
    "Inpaint not masked": "内补绘制非蒙版区域",
    "Masked content": "遮挡区域内容",
    "fill": "填充",
    "original": "原始",
    "latent noise": "潜在空间噪波",
    "latent nothing": "潜在空间无填充",
    "Inpaint at full resolution": "全分辨率内补绘制",
    "Inpaint at full resolution padding, pixels": "全分辨率内补绘制区, 像素",
    "Process images in a directory on the same machine where the server is running.": "在运行服务器的同一台计算机上的目录中处理图像。",
    "Use an empty output directory to save pictures normally instead of writing to the output directory.": "使用空输出目录正常保存图片，而不是写入输出目录。",
    "Input directory": "输入目录",
    "Output directory": "输出目录",
    "Resize mode": "调整尺寸模式",
    "Just resize": "仅调整尺寸",
    "Crop and resize": "裁剪并调整尺寸",
    "Resize and fill": "裁剪并填充",
    "img2img alternative test": "图转图交错测试",
    "Loopback": "回环",
    "Outpainting mk2": "外延绘图mk2",
    "Poor man's outpainting": "低质量外延绘图",
    "SD upscale": "SD超采样",
    "should be 2 or lower.": "应为2或者更低.",
    "Override `Sampling method` to Euler?(this method is built for it)": "重设`采样方法`为Euler?(此方法就是为它所构建)",
    "Override `prompt` to the same value as `original prompt`?(and `negative prompt`)": "将`提示词`重设成与`初始提示词`相同的数值?(包括`否定提示词`)",
    "Original prompt": "初始提示词",
    "Original negative prompt": "初始否定提示词",
    "Override `Sampling Steps` to the same value as `Decode steps`?": "将`采样步数`重设成与`解码步数`相同的数值?",
    "Decode steps": "解码步数",
    "Override `Denoising strength` to 1?": "重设`降噪强度`到1?",
    "Decode CFG scale": "解码CFG系数(提示词服从度)",
    "Randomness": "Rando随机mness",
    "Sigma adjustment for finding noise for image": "用于查找图像噪波的Sigma调整值",
    "Loops": "循环",
    "Denoising strength change factor": "降噪强度变化系数",
    "Recommended settings: Sampling Steps: 80-100, Sampler: Euler a, Denoising strength: 0.8": "建议设置：采样步数：80-100,采样器：Euler a,降噪强度：0.8",
    "Pixels to expand": "要扩展的像素数",
    "Outpainting direction": "外延绘画方向",
    "left": "左",
    "right": "右",
    "up": "上",
    "down": "下",
    "Fall-off exponent (lower=higher detail)": "衰减指数（较低=较高细节）",
    "Color variation": "颜色变化",
    "Will upscale the image to twice the dimensions; use width and height sliders to set tile size": "将图像放大到尺寸的两倍;使用宽度和高度滑块设置平铺块大小",
    "Tile overlap": "平铺块重叠",
    "Upscaler": "Upscaler",
    "Lanczos": "Lanczos",
    "LDSR": "LDSR",
    "BSRGAN 4x": "BSRGAN 4x",
    "ESRGAN_4x": "ESRGAN_4x",
    "R-ESRGAN 4x+ Anime6B": "R-ESRGAN 4x+ Anime6B",
    "ScuNET GAN": "ScuNET GAN",
    "ScuNET PSNR": "ScuNET PSNR",
    "SwinIR 4x": "SwinIR 4x",
    "Single Image": "单个图像",
    "Batch Process": "批处理过程",
    "Batch from Directory": "批处理目录",
    "Source": "源文件",
    "Show result images": "显示返回图像",
    "Scale by": "按比例缩放",
    "Scale to": "缩放到",
    "Resize": "调整尺寸",
    "Crop to fit": "裁剪以适应",
    "Upscaler 2": "超采样器 2",
    "Upscaler 2 visibility": "超采样器2可见度",
    "GFPGAN visibility": "GFPGAN可见度",
    "CodeFormer visibility": "CodeFormer可见度",
    "CodeFormer weight (0 = maximum effect, 1 = minimum effect)": "CodeFormer 权重 (0 = 最大影响, 1 = 最小影响)",
    "Open output directory": "打开输出目录",
    "Send to txt2img": "发送到文转图",
    "txt2img history": "文转图历史记录",
    "img2img history": "图转图历史记录",
    "extras history": "后期处理历史记录",
    "Renew Page": "刷新页面",
    "First Page": "首页",
    "Prev Page": "上一页",
    "Page Index": "页码",
    "Next Page": "下一页",
    "End Page": "尾页",
    "number of images to delete consecutively next": "接下来要连续删除的图像数",
    "Delete": "删除",
    "Generate Info": "生成信息",
    "File Name": "文件名",
    "set_index": "set_index",
    "A merger of the two checkpoints will be generated in your": "两个检查点的合并将在",
    "checkpoint": "检查点模型(ckpt)",
    "directory.": "目录.",
    "Primary model (A)": "主要模型 (A)",
    "Secondary model (B)": "次要模型(B)",
    "Tertiary model (C)": "三级模型(C)",
    "Custom Name (Optional)": "自定义名称(可选)",
    "Multiplier (M) - set to 0 to get model A": "乘数（M）-设置为0以获得模型A",
    "Interpolation Method": "插值方法",
    "Weighted sum": "加权总和",
    "Add difference": "添加差异",
    "Save as float16": "保存为16位浮点类型",
    "See": "查看",
    "wiki": "wiki",
    "for detailed explanation.": "中的详细说明.",
    "Create embedding": "创建embedding嵌入",
    "Create hypernetwork": "创建网络hypernetwork",
    "Preprocess images": "预处理图像",
    "Name": "名称",
    "Initialization text": "初始化文本",
    "Number of vectors per token": "每个特征的矢量数",
    "Modules": "模块",
    "Source directory": "源目录",
    "Destination directory": "目标目录",
    "Create flipped copies": "创建翻转副本",
    "Split oversized images into two": "将超大图像一分为二",
    "Use BLIP for caption": "使用BLIP作为标题",
    "Use deepbooru for caption": "使用deepbooru作为标题",
    "Preprocess": "预处理",
    "Train an embedding; must specify a directory with a set of 1:1 ratio images": "训练embedding嵌入;必须指定一个具有一组1:1比例图像的目录",
    "Embedding": "Embedding嵌入",
    "Learning rate": "学习率",
    "Dataset directory": "数据集目录",
    "Log directory": "日志目录",
    "Prompt template file": "提示模板文件",
    "Max steps": "最大步数",
    "Save an image to log directory every N steps, 0 to disable": "每N步保存一个图像到日志目录，0为禁用",
    "Save a copy of embedding to log directory every N steps, 0 to disable": "每隔N步将嵌入副本保存到日志目录，0为禁用",
    "Save images with embedding in PNG chunks": "使用PNG块的嵌入保存图像",
    "Read parameters (prompt, etc...) from txt2img tab when making previews": "预览时从文转图选项卡读取参数（提示等…）",
    "Train Hypernetwork": "训练超网络",
    "Train Embedding": "训练嵌入",
    "Apply settings": "应用设置",
    "Saving images/grids": "保存图像/网格",
    "Always save all generated images": "总是保存所有的生成图像",
    "File format for images": "图像的文件格式",
    "Images filename pattern": "图像文件名模式",
    "Always save all generated image grids": "始终保存所有生成的图像网格",
    "File format for grids": "网格的文件格式",
    "Add extended info (seed, prompt) to filename when saving grid": "保存网格时将扩展信息（随机种、提示词）添加到文件名",
    "Do not save grids consisting of one picture": "不保存包含一张图片的网格",
    "Prevent empty spots in grid (when set to autodetect)": "防止网格中出现空白点（当设置为自动检测时）",
    "Grid row count; use -1 for autodetect and 0 for it to be same as batch size": "网格行数;使用-1表示自动检测，使用0表示与单批数量相同",
    "Save text information about generation parameters as chunks to png files": "将有关生成参数的文本信息作为块保存到png文件",
    "Create a text file next to every image with generation parameters.": "使用生成参数在每个图像旁边创建一个文本文件",
    "Save a copy of image before doing face restoration.": "在进行面部复原之前保存图像副本.",
    "Quality for saved jpeg images": "保存的jpeg图像的质量",
    "If PNG image is larger than 4MB or any dimension is larger than 4000, downscale and save copy as JPG": "如果PNG图像大于4MB或任何尺寸大于4000，请缩小比例并将副本保存为JPG",
    "Use original name for output filename during batch process in extras tab": "在“后期”选项卡中的批处理过程中，对输出文件名使用原始名称",
    "When using 'Save' button, only save a single selected image": "使用“保存”按钮时，仅保存单个选定图像",
    "Do not add watermark to images": "不向图像添加水印",
    "Paths for saving": "保存路径",
    "Output directory for images; if empty, defaults to three directories below": "图像输出目录；如果为空，则默认为以下三个目录",
    "Output directory for txt2img images": "文转图的图像输出目录",
    "Output directory for img2img images": "图转图的图像输出目录",
    "Output directory for images from extras tab": "后期标签的图像输出目录",
    "Output directory for grids; if empty, defaults to two directories below": "网格输出目录；如果为空，则默认为以下两个目录",
    "Output directory for txt2img grids": "文转图的网格输出目录",
    "Output directory for img2img grids": "图转图的网格输出目录",
    "Directory for saving images using the Save button": "使用“保存”按钮保存图像的目录",
    "Saving to a directory": "保存到目录",
    "Save images to a subdirectory": "将图像保存到子目录",
    "Save grids to a subdirectory": "将网格保存到子目录",
    "When using \"Save\" button, save images to a subdirectory": "使用“保存”按钮时，将图像保存到子目录",
    "Directory name pattern": "目录名称模式",
    "Max prompt words for [prompt_words] pattern": "[prompt_words]模式的最大提示词数",
    "Upscaling": "超采样",
    "Tile size for ESRGAN upscalers. 0 = no tiling.": "ESRGAN升级程序的平铺分块大小。0=无平铺。",
    "Tile overlap, in pixels for ESRGAN upscalers. Low values = visible seam.": "ESRGAN超采样器的平铺分块重叠，以像素为单位。低值=可见接缝。",
    "Tile size for all SwinIR.": "所有SwinIR的平铺分块尺寸.",
    "Tile overlap, in pixels for SwinIR. Low values = visible seam.": "SwinIR的平铺分块重叠，以像素为单位。低值=可见接缝.",
    "LDSR processing steps. Lower = faster": "LDSR处理步数。更低=更快",
    "Upscaler for img2img": "图转图超采样器",
    "Upscale latent space image when doing hires. fix": "高分辨率修正时对潜在空间图像进行超采样",
    "Face restoration": "面部修复",
    "CodeFormer weight parameter; 0 = maximum effect; 1 = minimum effect": "CodeFormer权重参数；0=最大效果；1=最小影响",
    "Move face restoration model from VRAM into RAM after processing": "处理后将面部修复模型从VRAM显存移动到RAM内存",
    "System": "系统",
    "VRAM usage polls per second during generation. Set to 0 to disable.": "生成期间每秒调查VRAM显存使用情况。设置为0以禁用。",
    "Always print all generation info to standard output": "始终将所有生成信息打印到标准输出",
    "Add a second progress bar to the console that shows progress for an entire job.": "向控制台添加第二个进度条，显示整个作业的进度.",
    "Training": "训练",
    "Unload VAE and CLIP from VRAM when training": "训练时从VRAM卸载VAE和CLIP",
    "Filename word regex": "文件名正则",
    "Filename join string": "文件名加入字符串",
    "Number of repeats for a single input image per epoch; used only for displaying epoch number": "每个纪元单独输入图像的重复次数；仅用于显示纪元编号",
    "Save an csv containing the loss to log directory every N steps, 0 to disable": "每N步保存一个包含丢失的csv到日志目录，0为禁用",
    "Stable Diffusion": "Stable Diffusion",
    "Checkpoints to cache in RAM": "要缓存在RAM中的 检查点模型(ckpt)",
    "Hypernetwork strength": "Hypernetwork超网格强度",
    "Apply color correction to img2img results to match original colors.": "对图转图结果应用颜色校正以匹配原始颜色.",
    "Save a copy of image before applying color correction to img2img results": "在对图转图结果应用颜色校正之前保存图像副本",
    "With img2img, do exactly the amount of steps the slider specifies (normally you'd do less with less denoising).": "使用图转图，精确执行滑块指定的步数（通常，您可以用更少的降噪来减少步数）.",
    "Enable quantization in K samplers for sharper and cleaner results. This may change existing seeds. Requires restart to apply.": "在K采样器中启用量化，以获得更清晰的结果。这可能会改变现有随机种。需要重新启动才能应用.",
    "Emphasis: use (text) to make model pay more attention to text and [text] to make it pay less attention": "强调：使用(文本)使模型更加关注文本，而使用[文本]使其更加关注",
    "Use old emphasis implementation. Can be useful to reproduce old seeds.": "使用旧的强调实现。可以用来重现旧随机种.",
    "Make K-diffusion samplers produce same images in a batch as when making a single image": "使K-diffusion采样器批量生成与生成单个图像时相同的图像",
    "Increase coherency by padding from the last comma within n tokens when using more than 75 tokens": "当使用超过75个特征时，通过从n个标记中的最后一个逗号填充来提高一致性",
    "Filter NSFW content": "过滤器NSFW(社死)内容",
    "Stop At last layers of CLIP model": "停止CLIP模型的最后一层",
    "Interrogate Options": "查询选项",
    "Interrogate: keep models in VRAM": "查询：将模型保存在VRAM中",
    "Interrogate: use artists from artists.csv": "查询：使用artists.csv中的艺术家",
    "Interrogate: include ranks of model tags matches in results (Has no effect on caption-based interrogators).": "查询：在结果中包含匹配的模型标记的等级（对基于标题的查询器没有影响）.",
    "Interrogate: num_beams for BLIP": "查询：BLIP的num_beams",
    "Interrogate: minimum description length (excluding artists, etc..)": "查询：最小描述长度（不包括艺术家等）",
    "Interrogate: maximum description length": "查询：最大描述长度",
    "CLIP: maximum number of lines in text file (0 = No limit)": "CLIP：文本文件中的最大行数（0=无限制）",
    "Interrogate: deepbooru score threshold": "查询：deepbooru分数阈值",
    "Interrogate: deepbooru sort alphabetically": "查询：deepbooru按字母顺序排序",
    "use spaces for tags in deepbooru": "在deepbooru中为标记使用空格",
    "escape (\\) brackets in deepbooru (so they are used as literal brackets and not for emphasis)": "deepbooru中的escape（\\）括号（因此它们用作文字括号，而不是强调）",
    "User interface": "用户界面",
    "Show progressbar": "显示进度条",
    "Show image creation progress every N sampling steps. Set 0 to disable.": "每隔N个采样步数显示图像创建进度。将0设置为禁用.",
    "Show grid in results for web": "在web结果中显示网格",
    "Do not show any images in results for web": "不在web结果中显示任何图像",
    "Add model hash to generation information": "将模型哈希添加到生成信息",
    "Add model name to generation information": "将模型名称添加到生成信息",
    "Font for image grids that have text": "具有文本的图像网格的字体",
    "Enable full page image viewer": "启用全页图像查看器",
    "Show images zoomed in by default in full page image viewer": "在全页图像查看器中显示默认放大的图像",
    "Show generation progress in window title.": "在窗口标题中显示生成进度.",
    "Quicksettings list": "快速设置列表",
    "Localization (requires restart)": "本土化翻译（需要重新启动）",
    "Sampler parameters": "采样器参数",
    "Hide samplers in user interface (requires restart)": "在用户界面中隐藏采样器（需要重新启动）",
    "eta (noise multiplier) for DDIM": "DDIM的eta（噪波倍增器）",
    "eta (noise multiplier) for ancestral samplers": "ancestral的eta（噪波倍增器）",
    "img2img DDIM discretize": "图转图DDIM离散化",
    "uniform": "性质",
    "quad": "方形",
    "sigma churn": "Sigma西格玛数扰动",
    "sigma tmin": "最小Sigma西格玛值",
    "sigma noise": "Sigma西格玛噪波",
    "Eta noise seed delta": "Eta噪波随机种delta",
    "Request browser notifications": "请求浏览器通知",
    "Download localization template": "下载本土化翻译模板",
    "Reload custom script bodies (No ui updates, No restart)": "重新加载自定义脚本正文（无ui更新，无重新启动）",
    "Restart Gradio and Refresh components (Custom Scripts, ui.py, js and css only)": "重新启动Gradio和刷新组件（仅限自定义脚本、ui.py、js和css）",
    "Prompt (press Ctrl+Enter or Alt+Enter to generate)": "提示词(按Ctrl+Enter或Alt+Enter生成)",
    "Negative prompt (press Ctrl+Enter or Alt+Enter to generate)": "否定提示词(按Ctrl+Enter或Alt+Enter生成)",
    "Add a random artist to the prompt.": "向提示词框中添加随机艺术家.",
    "Read generation parameters from prompt or last generation if prompt is empty into user interface.": "从提示词框中读取生成参数，如果提示为空，则从上一个读取生成参数到用户界面.",
    "Save style": "保存风格",
    "Apply selected styles to current prompt": "将选定样式应用于当前提示",
    "Stop processing current image and continue processing.": "停止处理当前图像并继续处理.",
    "Stop processing images and return any results accumulated so far.": "停止处理图像并返回迄今为止产生的所有结果.",
    "Style to apply; styles have components for both positive and negative prompts and apply to both": "要应用的风格；风格具有用于正面和负面提示词的成分，并应用于两者",
    "Do not do anything special": "不要做任何特别的事",
    "Which algorithm to use to produce the image": "使用哪种算法生成图像",
    "Euler Ancestral - very creative, each can get a completely different picture depending on step count, setting steps to higher than 30-40 does not help": "Euler Ancestral(欧拉先祖)-非常有创意，根据步数，每个人都可以得到完全不同的图片，将步数设置为高于30-40没有帮助",
    "Denoising Diffusion Implicit Models - best at inpainting": "降噪扩散隐式模型-最擅长修复",
    "Produce an image that can be tiled.": "生成可平铺的图像.",
    "Use a two step process to partially create an image at smaller resolution, upscale, and then improve details in it without changing composition": "使用两步过程-以较小的分辨率创建图像，超采样，然后在不改变构图的情况下改进其中的细节",
    "Determines how little respect the algorithm should have for image's content. At 0, nothing will change, and at 1 you'll get an unrelated image. With values below 1.0, processing will take less steps than the Sampling Steps slider specifies.": "确定算法对图像内容的服从程度。值为0时，一切都不会改变，值为1时，您将得到一个不相关的图像。如果值低于1.0，则处理所需的步数将少于“采样步数”滑块指定的步数.",
    "How many batches of images to create": "要创建多少批图像",
    "How many image to create in a single batch": "一批中要创建多少图像",
    "Classifier Free Guidance Scale - how strongly the image should conform to prompt - lower values produce more creative results": "无分类器引导系数-图像应符合提示词的程度-值越低，产生的结果越有创意",
    "A value that determines the output of random number generator - if you create an image with same parameters and seed as another image, you'll get the same result": "一个确定随机数生成器输出的值-如果创建一个具有相同参数的图像，并将其作为另一个图像的种子，则会得到相同的结果",
    "Set seed to -1, which will cause a new random number to be used every time": "将seed设置为-1，这将导致每次使用一个新的随机数",
    "Reuse seed from last generation, mostly useful if it was randomed": "重复使用上一代的种子，如果它是随机的，最有用",
    "Seed of a different picture to be mixed into the generation.": "将不同图片的种子混合到一代中。",
    "How strong of a variation to produce. At 0, there will be no effect. At 1, you will get the complete picture with variation seed (except for ancestral samplers, where you will just get something).": "产生的变化有多大。为0时，将没有效果。在1时，您将得到变异种子的完整图片（除了祖先采样器，在那里您只会得到一些东西）.",
    "Make an attempt to produce a picture similar to what would have been produced with same seed at specified resolution": "尝试生成与使用相同种子以指定分辨率生成的图片类似的图片",
    "Separate values for X axis using commas.": "使用逗号分隔X轴的值.",
    "Separate values for Y axis using commas.": "使用逗号分隔Y轴的值.",
    "Write image to a directory (default - log/images) and generation parameters into csv file.": "将图像写入目录（default-log/images）并将生成参数写入csv文件.",
    "Open images output directory": "打开图像输出目录",
    "How much to blur the mask before processing, in pixels.": "处理前模糊遮罩的程度，以像素为单位。",
    "What to put inside the masked area before processing it with Stable Diffusion.": "在用Stable Diffusion稳定扩散处理之前，在遮挡区域内放置什么.",
    "fill it with colors of the image": "用图像的颜色填充它",
    "keep whatever was there originally": "保留原来的样式",
    "fill it with latent space noise": "用潜在的空间噪波填满它",
    "fill it with latent space zeroes": "用潜伏空间零值填充它",
    "Upscale masked region to target resolution, do inpainting, downscale back and paste into original image": "将蒙板区域超采样到目标分辨率，进行修补，缩小缩小并粘贴到原始图像中",
    "Resize image to target resolution. Unless height and width match, you will get incorrect aspect ratio.": "将图像大小调整为目标分辨率。除非高度和宽度匹配，否则纵横比将不正确.",
    "Resize the image so that entirety of target resolution is filled with the image. Crop parts that stick out.": "调整图像大小，以使图像填充整个目标分辨率。突出的裁剪部分.",
    "Resize the image so that entirety of image is inside target resolution. Fill empty space with image's colors.": "调整图像大小，使整个图像在目标分辨率范围内。用图像的颜色填充空白.",
    "How many times to repeat processing an image and using it as input for the next iteration": "重复处理图像并将其用作下一次迭代的输入的次数",
    "In loopback mode, on each loop the denoising strength is multiplied by this value. <1 means decreasing variety so your sequence will converge on a fixed picture. >1 means increasing variety so your sequence will become more and more chaotic.": "在环回模式下，在每个循环上，降噪强度乘以该值<1表示减少变化，使序列收敛于固定图片。>1意味着增加多样性，这样你的序列就会变得越来越混乱.",
    "For SD upscale, how much overlap in pixels should there be between tiles. Tiles overlap so that when they are merged back into one picture, there is no clearly visible seam.": "对于SD超采样，平铺分块之间应该有多少像素重叠。分块重叠，因此当它们合并回一张图片时，没有清晰可见的接缝。",
    "A directory on the same machine where the server is running.": "服务器运行所在机器上的目录.",
    "Leave blank to save images to the default path.": "留空以将图像保存到默认路径.",
    "Result = A * (1 - M) + B * M": "返回值 = A * (1 - M) + B * M",
    "Result = A + (B - C) * M": "返回值 = A + (B - C) * M",
    "Path to directory with input images": "包含输入图像的目录路径",
    "Path to directory where to write outputs": "写入输出的目录路径",
    "Use following tags to define how filenames for images are chosen: [steps], [cfg], [prompt], [prompt_no_styles], [prompt_spaces], [width], [height], [styles], [sampler], [seed], [model_hash], [prompt_words], [date], [datetime], [job_timestamp]; leave empty for default.": "使用以下标记定义如何选择图像的文件名(注意,输入格式为[类型1],[类型2]，中文的是翻译不要输进去)：[steps]采样步数、[cfg]CFG系数,[prompt]提示词空格换为下划线和逗号,[prompt_no_styles]提示词含空格和逗号,[prompt_spaces]提示词空格,[width]宽度,[height]高度,[styles]风格,[sampler]采样器,[seed]随机种,[model_hash]模型哈希值,[prompt_words]提示词语句,[date]保存时日期,[datetime]保存时日期时间,[job_timestamp]处理完成时日期时间；默认设置为空",
    "If this option is enabled, watermark will not be added to created images. Warning: if you do not add watermark, you may be behaving in an unethical manner.": "如果启用此选项，则不会将水印添加到创建的图像。警告：如果您不添加水印，您的行为可能不道德.",
    "Use following tags to define how subdirectories for images and grids are chosen: [steps], [cfg], [prompt], [prompt_no_styles], [prompt_spaces], [width], [height], [styles], [sampler], [seed], [model_hash], [prompt_words], [date], [datetime], [job_timestamp]; leave empty for default.": "使用以下标记来定义如何选择图像的文件名(注意,输入格式为[类型1],[类型2]，中文的是翻译不要输进去)：[steps]采样步数、[cfg]CFG系数,[prompt]提示词空格换为下划线和逗号,[prompt_no_styles]提示词含空格和逗号,[prompt_spaces]提示词空格,[width]宽度,[height]高度,[styles]风格,[sampler]采样器,[seed]随机种,[model_hash]模型哈希值,[prompt_words]提示词语句,[date]保存时日期,[datetime]保存时日期时间,[job_timestamp]处理完成时日期时间；默认设置为空。",
    "Restore low quality faces using GFPGAN neural network": "基于GFPGAN神经网络的低质量人脸恢复",
    "This regular expression will be used extract words from filename, and they will be joined using the option below into label text used for training. Leave empty to keep filename text as it is.": "此正则表达式将用于从文件名中提取单词，并使用下面的选项将它们连接到用于培训的标签文本中。留空以保持文件名文本不变.",
    "This string will be used to join split words into a single line if the option above is enabled.": "如果启用上述选项，则此字符串将用于将拆分的单词连接到一行中.",
    "List of setting names, separated by commas, for settings that should go to the quick access bar at the top, rather than the usual setting tab. See modules/shared.py for setting names. Requires restarting to apply.": "设置名称列表，以逗号分隔，用于应该转到顶部快速访问栏而不是通常的设置选项卡的设置。请参阅modules/shared.py用于设置名称。需要重新启动才能应用",
    "If this values is non-zero, it will be added to seed and used to initialize RNG for noises when using samplers with Eta. You can use this to produce even more variation of images, or you can use this to match images of other software if you know what you are doing.": "如果该值为非零值，则将其添加到种子中，并用于在使用Eta采样器时初始化RNG以获取噪声。您可以使用它生成更多的图像变体，或者如果您知道自己在做什么，也可以使用它来匹配其他软件的图像.",
    "Enable Autocomplete": "启用自动完善",
    "Allowed categories for random artists selection when using the Roll button": "使用“滚动”Roll按钮时允许随机艺术家选择的类别",
    "When reading generation parameters from text into UI (from PNG info or pasted text), do not change the selected model/checkpoint.": "将生成参数从文本读取到UI（从PNG信息或粘贴的文本）时，不要更改选定的模型/检查点。",
    "Select which Real-ESRGAN models to show in the web UI. (Requires restart)": "选择要在web UI中显示的Real ESRGAN模型。（需要重新启动）",
    "Upscaler 1": "超采样器1",
    "Upscaler 2": "超采样器2",
    "/0.0": "/0.0"
}